date,ensemble,dji
2023-02-14,1000000.0,1000000.0
2023-02-15,999928.9385965768,1001137.6380466131
2023-02-16,996650.01381518,988488.5192863911
2023-02-17,999956.1895603408,992297.3378834272
2023-02-21,990512.5848269268,971848.0419000984
2023-02-22,988584.4916786574,969369.2560193234
2023-02-23,990026.0122276916,972561.4720449628
2023-02-24,982623.3569780232,962676.0070325466
2023-02-27,985566.21464381,964793.0359317384
2023-02-28,975264.2746216428,957975.9164042295
2023-03-01,972487.0829770848,958126.7153233818
2023-03-02,986720.9717003552,968151.2911928275
2023-03-03,998949.4315055883,979515.5252414588
2023-03-06,999633.6095913732,980702.7802576714
2023-03-07,981880.2443598708,963835.8753149618
2023-03-08,981437.7658812596,962132.6267326836
2023-03-09,964751.1082027052,946188.0473980712
2023-03-10,952533.1711674116,936061.1436906293
2023-03-13,945348.046072464,933406.3493449471
2023-03-14,958196.3656614836,943270.4435378939
2023-03-15,951041.6204565772,935032.3650461397
2023-03-16,967481.3746698302,945944.3169261588
2023-03-17,955644.8464001234,934663.0452008301
2023-03-20,960029.6746918104,945886.5068541891
2023-03-21,972221.8258169326,955156.8589501851
2023-03-22,958810.4473825626,939595.0636500923
2023-03-23,966046.320159666,941799.2946598276
2023-03-24,970157.7703520984,945679.6739901543
2023-03-27,971474.2332895563,951386.7713825362
2023-03-28,968556.3636365564,950277.03571952
2023-03-29,983975.5100336664,959762.4137819211
2023-03-30,990788.9209065608,963911.2747745379
2023-03-31,1004728.655254877,976088.6312626099
2023-04-03,1006877.886806757,985681.0926000472
2023-04-04,1001744.050611246,979850.2392557776
2023-04-05,999105.1572461338,982206.98801733
2023-04-06,1005973.991181734,982282.3874769061
2023-04-10,1006178.9896696338,985251.9573779918
2023-04-11,1001520.7864382608,988134.6689350674
2023-04-12,999333.298936861,987011.4690828412
2023-04-13,1013782.5362678624,998252.2909461177
2023-04-14,1008977.7567192172,994050.8909683708
2023-04-17,1016128.9093719388,997005.2205531594
2023-04-18,1015320.2717557696,996695.7160845954
2023-04-19,1017469.369522562,994360.1662592461
2023-04-20,1014275.9095073948,991121.8855181816
2023-04-21,1014878.8854894734,991777.2191189653
2023-04-24,1012415.1243262691,993726.1461835096
2023-04-25,995966.0118343182,983618.2642242283
2023-04-26,1011873.1133762988,976901.8682908948
2023-04-27,1030204.5154339466,992281.7538005968
2023-04-28,1037528.2227568683,1000260.8042097192
2023-05-01,1033802.434209154,998897.8844951324
2023-05-02,1023467.5590699634,988127.106071341
2023-05-03,1016670.5788509024,980198.1309871955
2023-05-04,1011061.0829266662,971793.726787881
2023-05-05,1033266.8805152284,987829.2896648998
2023-05-08,1031697.1438266144,986195.7110999807
2023-05-09,1027841.3024169313,984527.0683486934
2023-05-10,1030831.3892327612,983632.9315963039
2023-05-11,1027567.4553782406,977126.0040704249
2023-05-12,1024464.4272603436,976865.1998607058
2023-05-15,1025456.988014494,978272.694635741
2023-05-16,1020597.5830538616,968402.6991173107
2023-05-17,1029130.6192820568,980389.723534933
2023-05-18,1039753.0992937792,983767.3443107154
2023-05-19,1035746.4811023808,980561.6068014437
2023-05-22,1034123.6407953816,976453.2529653015
2023-05-23,1022627.4428959752,969674.979056024
2023-05-24,1015755.4978719732,962177.3163819765
2023-05-25,1024974.6527565194,961142.6364120033
2023-05-26,1040926.856727642,970784.657424618
2023-05-30,1040619.2542367878,969301.5340123181
2023-05-31,1038939.2525954152,965355.6671574507
2023-06-01,1049615.536151537,969852.7063535962
2023-06-02,1066805.95181151,990421.9768569494
2023-06-05,1064357.008386477,984557.892747821
2023-06-06,1062161.4324908678,984863.6157845217
2023-06-07,1052220.8925032043,987554.7347938598
2023-06-08,1061151.2905693837,992500.2747267543
2023-06-09,1064003.6640777227,993766.7106344062
2023-06-12,1073342.26503216,999327.0197171879
2023-06-13,1077430.3376342566,1003603.8191545107
2023-06-14,1069635.564656956,996774.8969760349
2023-06-15,1086254.6002928067,1009351.5955866337
2023-06-16,1075534.401232443,1006155.9418956639
2023-06-20,1070075.795977553,998961.5958925858
2023-06-21,1065410.1824645195,995959.1389931742
2023-06-22,1075654.3352255174,995818.0801257911
2023-06-23,1068581.537601803,989385.520759889
2023-06-26,1063578.0255816996,989012.4194827161
2023-06-27,1068128.7275925635,995232.1873646778
2023-06-28,1067397.1511879198,993059.1245206033
2023-06-29,1069450.8233111135,1000972.5155219184
2023-06-30,1080506.4972643014,1009338.1886918457
2023-07-03,1079210.0624235957,1009656.9748568012
2023-07-05,1076432.1880461122,1005848.5000262982
2023-07-06,1069127.414683838,995100.8685490635
2023-07-07,1059999.1756192455,989604.0416860465
2023-07-10,1062830.9536805763,995750.2435299414
2023-07-11,1069313.613931656,1005050.044958933
2023-07-12,1068739.2984330216,1007573.0621336236
2023-07-13,1068797.436778374,1008972.6502783993
2023-07-14,1081002.4353104022,1012313.602623993
2023-07-17,1085434.8206080936,1014552.4394647187
2023-07-18,1095490.76190424,1025305.9149730148
2023-07-19,1103487.1798717768,1028511.6524822866
2023-07-20,1101546.8825808377,1033321.6338123261
2023-07-21,1102117.554162159,1033395.3144392371
2023-07-24,1107495.4355143092,1038779.6150571116
2023-07-25,1108989.6489825349,1039566.725828887
2023-07-26,1107603.423991259,1041973.6645042605
2023-07-27,1100460.364361319,1035009.5274894626
2023-07-28,1102757.7146964648,1040189.172431345
2023-07-31,1109103.1321859097,1043129.7513548125
2023-08-01,1110828.8387058566,1045216.8725656316
2023-08-02,1104097.4179441703,1035003.6834584014
2023-08-03,1102020.276324822,1033049.1415404843
2023-08-04,1091251.5091348574,1028641.0232875472
2023-08-07,1099297.261400637,1040595.1607068436
2023-08-08,1092260.9110036872,1035941.4785604846
2023-08-09,1085293.7616205562,1030334.760995745
2023-08-10,1086390.1018508268,1031883.3146381634
2023-08-11,1092005.113388264,1034970.7964600757
2023-08-14,1096039.2720059133,1035740.2605498225
2023-08-15,1082991.6351858145,
